battery,total_cycles,discharge_cycles,charge_cycles,impedance_cycles,init_capacity,final_capacity,capacity_fade_pct,eol_reached,eol_cycle
B0005.mat,616,168,170,278,1.8564874208181574,1.3250793286429356,28.624384211611257,True,448
B0006.mat,616,168,170,278,2.035337591005598,1.1856752327929356,41.74552477030949,True,386
B0007.mat,616,168,170,278,1.89105229539079,1.4324552720625434,24.250890599166457,False,N/A
B0018.mat,319,132,134,53,1.8550045207910817,1.341051440640485,27.706297984191288,True,236
